"","prediction","Freq"
"1","Cluster_1",0.292763157894737
"2","Cluster_2",0.148026315789474
"3","Cluster_3",0.559210526315789
